{"cameraMode":{"drawMode":0,"name":"Shaded","section":"Shading Mode"},"sceneLighting":false,"audioPlay":false,"sceneViewState":{"m_AlwaysRefresh":false,"showFog":true,"showSkybox":false,"showFlares":true,"showImageEffects":true,"showParticleSystems":true,"showVisualEffectGraphs":true,"m_FxEnabled":true},"in2DMode":false,"pivot":{"x":0.2405681610107422,"y":0.11843081563711167,"z":1.2482582330703736},"rotation":{"x":-0.020467236638069154,"y":0.7034153342247009,"z":-0.02026987075805664,"w":-0.7102006673812866},"size":1.0138190984725953,"orthographic":false}